DATA;COD_FUNDO;COTA_FUNDO
01/11/2021;1136;6,327831372
01/11/2021;1880;0,45538487
01/11/2021;2161;2,699677317
01/11/2021;2379;1,754628378
01/11/2021;2572;1,966681026
01/11/2021;3130;1,387853762
03/11/2021;1136;6,329614557
03/11/2021;1880;0,471506296
03/11/2021;2161;2,712709466
03/11/2021;2379;1,787380245
03/11/2021;2572;2,016353422
03/11/2021;3130;1,388182601
04/11/2021;1136;6,331403993
04/11/2021;1880;0,477534098
04/11/2021;2161;2,70163829
04/11/2021;2379;1,739101103
04/11/2021;2572;2,018906284
04/11/2021;3130;1,388525746
05/11/2021;1136;6,333189892
05/11/2021;1880;0,465369815
05/11/2021;2161;2,700357955
05/11/2021;2379;1,772879076
05/11/2021;2572;2,036590158
05/11/2021;3130;1,388857821
08/11/2021;1136;6,334984526
08/11/2021;1880;0,48554807
08/11/2021;2161;2,712972615
08/11/2021;2379;1,757764219
08/11/2021;2572;2,034692106
08/11/2021;3130;1,389229468
09/11/2021;1136;6,336823744
09/11/2021;1880;0,507301877
09/11/2021;2161;2,71025361
09/11/2021;2379;1,782480971
09/11/2021;2572;2,089437981
09/11/2021;3130;1,389542907
10/11/2021;1136;6,338619259
10/11/2021;1880;0,494954227
10/11/2021;2161;2,71093106
10/11/2021;2379;1,789076174
10/11/2021;2572;2,060958829
10/11/2021;3130;1,389901146
11/11/2021;1136;6,340418182
11/11/2021;1880;0,503220086
11/11/2021;2161;2,717534564
11/11/2021;2379;1,811803754
11/11/2021;2572;2,075908132
11/11/2021;3130;1,390226264
12/11/2021;1136;6,342214831
12/11/2021;1880;0,489042378
12/11/2021;2161;2,720090253
12/11/2021;2379;1,781416999
12/11/2021;2572;2,057181436
12/11/2021;3130;1,390577358
16/11/2021;1136;6,344003114
16/11/2021;1880;0,474783753
16/11/2021;2161;2,713771675
16/11/2021;2379;1,758337702
16/11/2021;2572;2,064164971
16/11/2021;3130;1,39091173
17/11/2021;1136;6,345797818
17/11/2021;1880;0,458564382
17/11/2021;2161;2,708713721
17/11/2021;2379;1,726422305
17/11/2021;2572;2,02050797
17/11/2021;3130;1,391255805
18/11/2021;1136;6,347608303
18/11/2021;1880;0,446595529
18/11/2021;2161;2,70527794
18/11/2021;2379;1,729583087
18/11/2021;2572;2,025720086
18/11/2021;3130;1,391594499
19/11/2021;1136;6,349418503
19/11/2021;1880;0,452641228
19/11/2021;2161;2,702427519
19/11/2021;2379;1,739726251
19/11/2021;2572;1,981229177
19/11/2021;3130;1,39193069
22/11/2021;1136;6,351225934
22/11/2021;1880;0,436484928
22/11/2021;2161;2,702788858
22/11/2021;2379;1,711210294
22/11/2021;2572;1,944770134
22/11/2021;3130;1,392272843
23/11/2021;1136;6,353008346
23/11/2021;1880;0,438489606
23/11/2021;2161;2,711751574
23/11/2021;2379;1,711306453
23/11/2021;2572;1,918078879
23/11/2021;3130;1,392608577
24/11/2021;1136;6,354821323
24/11/2021;1880;0,446542835
24/11/2021;2161;2,711765583
24/11/2021;2379;1,734193844
24/11/2021;2572;1,927761202
24/11/2021;3130;1,392949479
25/11/2021;1136;6,356607792
25/11/2021;1880;0,446515818
25/11/2021;2161;2,709247427
25/11/2021;2379;1,762122206
25/11/2021;2572;1,972060675
25/11/2021;3130;1,393288274
26/11/2021;1136;6,358402164
26/11/2021;1880;0,428267858
26/11/2021;2161;2,676691598
26/11/2021;2379;1,705696141
26/11/2021;2572;1,918659993
26/11/2021;3130;1,393627208
29/11/2021;1136;6,360174962
29/11/2021;1880;0,426220511
29/11/2021;2161;2,681603118
29/11/2021;2379;1,712621611
29/11/2021;2572;1,907021153
29/11/2021;3130;1,393967684
30/11/2021;1136;6,361958189
30/11/2021;1880;0,426114593
30/11/2021;2161;2,672017672
30/11/2021;2379;1,659100279
30/11/2021;2572;1,860874997
30/11/2021;3130;1,394302512
01/12/2021;1136;6,363748232
01/12/2021;1880;0,413827799
01/12/2021;2161;2,664718755
01/12/2021;2379;1,670273849
01/12/2021;2572;1,820986579
01/12/2021;3130;1,394643495
02/12/2021;1136;6,365534597
02/12/2021;1880;0,440219973
02/12/2021;2161;2,688994744
02/12/2021;2379;1,698745813
02/12/2021;2572;1,875696626
02/12/2021;3130;1,394981145
03/12/2021;1136;6,367276176
03/12/2021;1880;0,452411095
03/12/2021;2161;2,686254056
03/12/2021;2379;1,733563377
03/12/2021;2572;1,887171809
03/12/2021;3130;1,395322116
06/12/2021;1136;6,369065375
06/12/2021;1880;0,466615689
06/12/2021;2161;2,703531462
06/12/2021;2379;1,74719658
06/12/2021;2572;1,89689792
06/12/2021;3130;1,395656022
07/12/2021;1136;6,370842022
07/12/2021;1880;0,462441199
07/12/2021;2161;2,714510848
07/12/2021;2379;1,74676712
07/12/2021;2572;1,890578753
07/12/2021;3130;1,395996526
08/12/2021;1136;6,372636711
08/12/2021;1880;0,474708285
08/12/2021;2161;2,718461144
08/12/2021;2379;1,759680001
08/12/2021;2572;1,929564579
08/12/2021;3130;1,396334467
09/12/2021;1136;6,374438275
09/12/2021;1880;0,460378834
09/12/2021;2161;2,711396496
09/12/2021;2379;1,721288912
09/12/2021;2572;1,880630823
09/12/2021;3130;1,396677982
10/12/2021;1136;6,376574747
10/12/2021;1880;0,480628914
10/12/2021;2161;2,716341185
10/12/2021;2379;1,748588082
10/12/2021;2572;1,884074928
10/12/2021;3130;1,397064937
13/12/2021;1136;6,378683976
13/12/2021;1880;0,472413829
13/12/2021;2161;2,707391454
13/12/2021;2379;1,745438197
13/12/2021;2572;1,860896157
13/12/2021;3130;1,397513323
14/12/2021;1136;6,380787635
14/12/2021;1880;0,462088506
14/12/2021;2161;2,708040211
14/12/2021;2379;1,731170104
14/12/2021;2572;1,850113864
14/12/2021;3130;1,397920092
15/12/2021;1136;6,38293829
15/12/2021;1880;0,478429409
15/12/2021;2161;2,710887379
15/12/2021;2379;1,743417545
15/12/2021;2572;1,873105158
15/12/2021;3130;1,398335633
16/12/2021;1136;6,385087319
16/12/2021;1880;0,457999911
16/12/2021;2161;2,708042275
16/12/2021;2379;1,744544364
16/12/2021;2572;1,864130305
16/12/2021;3130;1,398754618
17/12/2021;1136;6,387334202
17/12/2021;1880;0,462062498
17/12/2021;2161;2,704913912
17/12/2021;2379;1,737118362
17/12/2021;2572;1,829415236
17/12/2021;3130;1,399170644
20/12/2021;1136;6,389606303
20/12/2021;1880;0,441578571
20/12/2021;2161;2,704348284
20/12/2021;2379;1,702304352
20/12/2021;2572;1,81498335
20/12/2021;3130;1,399603344
21/12/2021;1136;6,391785236
21/12/2021;1880;0,439509312
21/12/2021;2161;2,70915355
21/12/2021;2379;1,698466819
21/12/2021;2572;1,82727066
21/12/2021;3130;1,400036993
22/12/2021;1136;6,393937449
22/12/2021;1880;0,433380694
22/12/2021;2161;2,708221627
22/12/2021;2379;1,691382247
22/12/2021;2572;1,826278111
22/12/2021;3130;1,400450874
23/12/2021;1136;6,396094885
23/12/2021;1880;0,435378464
23/12/2021;2161;2,708603766
23/12/2021;2379;1,687548025
23/12/2021;2572;1,835894806
23/12/2021;3130;1,400864175
24/12/2021;1136;6,3982494
24/12/2021;1880;0,435352889
24/12/2021;2161;2,709281777
24/12/2021;2379;1,687477294
24/12/2021;2572;1,835786606
24/12/2021;3130;1,40128058
27/12/2021;1136;6,400370083
27/12/2021;1880;0,44756487
27/12/2021;2161;2,709466951
27/12/2021;2379;1,700065106
27/12/2021;2572;1,847179547
27/12/2021;3130;1,401698565
28/12/2021;1136;6,402501631
28/12/2021;1880;0,465817945
28/12/2021;2161;2,709057668
28/12/2021;2379;1,695546467
28/12/2021;2572;1,850611616
28/12/2021;3130;1,402116269
29/12/2021;1136;6,404617626
29/12/2021;1880;0,457670845
29/12/2021;2161;2,708167737
29/12/2021;2379;1,682646191
29/12/2021;2572;1,839874942
29/12/2021;3130;1,402537326
30/12/2021;1136;6,406722246
30/12/2021;1880;0,48539717
30/12/2021;2161;2,708180215
30/12/2021;2379;1,690273117
30/12/2021;2572;1,846849082
30/12/2021;3130;1,402948394
31/12/2021;1136;6,408881444
31/12/2021;1880;0,485368769
31/12/2021;2161;2,709117154
31/12/2021;2379;1,69020215
31/12/2021;2572;1,846738609
31/12/2021;3130;1,403362655
03/01/2022;1136;6,410989672
03/01/2022;1880;0,467075701
03/01/2022;2161;2,713949974
03/01/2022;2379;1,672867137
03/01/2022;2572;1,833335924
03/01/2022;3130;1,403785114
04/01/2022;1136;6,413204627
04/01/2022;1880;0,452775417
04/01/2022;2161;2,715888458
04/01/2022;2379;1,658072714
04/01/2022;2572;1,828808883
04/01/2022;3130;1,404201194
05/01/2022;1136;6,415480777
05/01/2022;1880;0,450707826
05/01/2022;2161;2,716493298
05/01/2022;2379;1,625443352
05/01/2022;2572;1,806606072
05/01/2022;3130;1,404627845
06/01/2022;1136;6,417684439
06/01/2022;1880;0,440531976
06/01/2022;2161;2,718925023
06/01/2022;2379;1,624195509
06/01/2022;2572;1,818832604
06/01/2022;3130;1,405066341
07/01/2022;1136;6,420127127
07/01/2022;1880;0,438478809
07/01/2022;2161;2,720529725
07/01/2022;2379;1,626024063
07/01/2022;2572;1,762377858
07/01/2022;3130;1,405484784
10/01/2022;1136;6,42233562
10/01/2022;1880;0,430349134
10/01/2022;2161;2,720184035
10/01/2022;2379;1,606791607
10/01/2022;2572;1,719100839
10/01/2022;3130;1,405938799
11/01/2022;1136;6,424592211
11/01/2022;1880;0,444608341
11/01/2022;2161;2,720894765
11/01/2022;2379;1,63601405
11/01/2022;2572;1,72080254
11/01/2022;3130;1,406346797
12/01/2022;1136;6,426936548
12/01/2022;1880;0,434383921
12/01/2022;2161;2,72626658
12/01/2022;2379;1,668146109
12/01/2022;2572;1,704880533
12/01/2022;3130;1,406777234
13/01/2022;1136;6,429206305
13/01/2022;1880;0,432319565
13/01/2022;2161;2,725659353
13/01/2022;2379;1,670141019
13/01/2022;2572;1,707429264
13/01/2022;3130;1,407210704
14/01/2022;1136;6,431589142
14/01/2022;1880;0,432293656
14/01/2022;2161;2,734900734
14/01/2022;2379;1,681547209
14/01/2022;2572;1,731098725
14/01/2022;3130;1,407631018
17/01/2022;1136;6,433892101
17/01/2022;1880;0,452706189
17/01/2022;2161;2,731780073
17/01/2022;2379;1,680611247
17/01/2022;2572;1,750231986
17/01/2022;3130;1,408061683
18/01/2022;1136;6,436265605
18/01/2022;1880;0,438404711
18/01/2022;2161;2,737698464
18/01/2022;2379;1,663770928
18/01/2022;2572;1,806191861
18/01/2022;3130;1,408484703
19/01/2022;1136;6,43864132
19/01/2022;1880;0,444495537
19/01/2022;2161;2,741909701
19/01/2022;2379;1,691621945
19/01/2022;2572;1,838657521
19/01/2022;3130;1,408926829
20/01/2022;1136;6,440968997
20/01/2022;1880;0,456794808
20/01/2022;2161;2,748850856
20/01/2022;2379;1,721712831
20/01/2022;2572;1,827125882
20/01/2022;3130;1,409354487
21/01/2022;1136;6,443226751
21/01/2022;1880;0,442449887
21/01/2022;2161;2,745603331
21/01/2022;2379;1,722163242
21/01/2022;2572;1,833173638
21/01/2022;3130;1,409776429
24/01/2022;1136;6,44569151
24/01/2022;1880;0,438361064
24/01/2022;2161;2,740508986
24/01/2022;2379;1,704877334
24/01/2022;2572;1,860063431
24/01/2022;3130;1,410199094
25/01/2022;1136;6,448129465
25/01/2022;1880;0,464841794
25/01/2022;2161;2,749172441
25/01/2022;2379;1,752229333
25/01/2022;2572;1,877551078
25/01/2022;3130;1,410643516
26/01/2022;1136;6,450485762
26/01/2022;1880;0,467115642
26/01/2022;2161;2,755139792
26/01/2022;2379;1,781843105
26/01/2022;2572;1,878323366
26/01/2022;3130;1,411081561
27/01/2022;1136;6,452790494
27/01/2022;1880;0,459004453
27/01/2022;2161;2,756073086
27/01/2022;2379;1,789967755
27/01/2022;2572;1,988265461
27/01/2022;3130;1,411500087
28/01/2022;1136;6,454991724
28/01/2022;1880;0,485465526
28/01/2022;2161;2,754639127
28/01/2022;2379;1,780355708
28/01/2022;2572;2,013711973
28/01/2022;3130;1,411924128
31/01/2022;1136;6,457181552
31/01/2022;1880;0,489493216
31/01/2022;2161;2,758636172
31/01/2022;2379;1,81065044
31/01/2022;2572;2,054116922
31/01/2022;3130;1,412338566
01/02/2022;1136;6,459436165
01/02/2022;1880;0,489429848
01/02/2022;2161;2,763748759
01/02/2022;2379;1,804620909
01/02/2022;2572;2,049549638
01/02/2022;3130;1,412761594
02/02/2022;1136;6,461622513
02/02/2022;1880;0,495602603
02/02/2022;2161;2,76053562
02/02/2022;2379;1,778467893
02/02/2022;2572;2,023929059
02/02/2022;3130;1,413190743
03/02/2022;1136;6,463841607
03/02/2022;1880;0,467095117
03/02/2022;2161;2,765262234
03/02/2022;2379;1,775509498
03/02/2022;2572;2,035256963
03/02/2022;3130;1,413603782
04/02/2022;1136;6,466424822
04/02/2022;1880;0,49558875
04/02/2022;2161;2,77455742
04/02/2022;2379;1,766074122
04/02/2022;2572;2,026291938
04/02/2022;3130;1,414075774
07/02/2022;1136;6,469085691
07/02/2022;1880;0,497572584
07/02/2022;2161;2,777045068
07/02/2022;2379;1,755614929
07/02/2022;2572;2,141494027
07/02/2022;3130;1,414608345
08/02/2022;1136;6,471655663
08/02/2022;1880;0,493490427
08/02/2022;2161;2,778537201
08/02/2022;2379;1,755730427
08/02/2022;2572;2,137847031
08/02/2022;3130;1,415114704
09/02/2022;1136;6,474236253
09/02/2022;1880;0,491436094
09/02/2022;2161;2,780066048
09/02/2022;2379;1,756016978
09/02/2022;2572;2,152664683
09/02/2022;3130;1,415610393
10/02/2022;1136;6,476826212
10/02/2022;1880;0,505608827
10/02/2022;2161;2,786551147
10/02/2022;2379;1,766715118
10/02/2022;2572;2,160220859
10/02/2022;3130;1,416111432
11/02/2022;1136;6,4794482
11/02/2022;1880;0,493404093
11/02/2022;2161;2,783639723
11/02/2022;2379;1,790043208
11/02/2022;2572;2,100934636
11/02/2022;3130;1,416612148
14/02/2022;1136;6,482014102
14/02/2022;1880;0,505824477
14/02/2022;2161;2,786829556
14/02/2022;2379;1,778546702
14/02/2022;2572;2,154541716
14/02/2022;3130;1,417117007
15/02/2022;1136;6,484655071
15/02/2022;1880;0,50368479
15/02/2022;2161;2,791790435
15/02/2022;2379;1,805631737
15/02/2022;2572;2,134258208
15/02/2022;3130;1,417618304
16/02/2022;1136;6,487309556
16/02/2022;1880;0,528904773
16/02/2022;2161;2,791521806
16/02/2022;2379;1,805404757
16/02/2022;2572;2,128833659
16/02/2022;3130;1,418129034
17/02/2022;1136;6,49008648
17/02/2022;1880;0,53512767
17/02/2022;2161;2,787277897
17/02/2022;2379;1,801607969
17/02/2022;2572;2,136929894
17/02/2022;3130;1,418634528
18/02/2022;1136;6,492957445
18/02/2022;1880;0,600215468
18/02/2022;2161;2,784479088
18/02/2022;2379;1,78268167
18/02/2022;2572;2,137690524
18/02/2022;3130;1,419153257
21/02/2022;1136;6,495927826
21/02/2022;1880;0,564655969
21/02/2022;2161;2,784672486
21/02/2022;2379;1,74775628
21/02/2022;2572;2,132282993
21/02/2022;3130;1,419680739
22/02/2022;1136;6,498941463
22/02/2022;1880;0,554150721
22/02/2022;2161;2,786577208
22/02/2022;2379;1,761312718
22/02/2022;2572;2,135682614
22/02/2022;3130;1,420244885
23/02/2022;1136;6,501758436
23/02/2022;1880;0,552009119
23/02/2022;2161;2,788008474
23/02/2022;2379;1,759036447
23/02/2022;2572;2,122347554
23/02/2022;3130;1,420783342
24/02/2022;1136;6,504391985
24/02/2022;1880;0,562495942
24/02/2022;2161;2,785177851
24/02/2022;2379;1,750982148
24/02/2022;2572;2,112116146
24/02/2022;3130;1,421275378
25/02/2022;1136;6,506948389
25/02/2022;1880;0,545585001
25/02/2022;2161;2,788767165
25/02/2022;2379;1,739865491
25/02/2022;2572;2,124743391
25/02/2022;3130;1,42177004
02/03/2022;1136;6,509644539
02/03/2022;1880;0,524532856
02/03/2022;2161;2,791918868
02/03/2022;2379;1,754948196
02/03/2022;2572;2,129211672
02/03/2022;3130;1,422267533
03/03/2022;1136;6,512402208
03/03/2022;1880;0,551804386
03/03/2022;2161;2,790022314
03/03/2022;2379;1,758123243
03/03/2022;2572;2,127153703
03/03/2022;3130;1,422791168
04/03/2022;1136;6,514929328
04/03/2022;1880;0,524425653
04/03/2022;2161;2,780869655
04/03/2022;2379;1,727610478
04/03/2022;2572;2,078700876
04/03/2022;3130;1,423306693
07/03/2022;1136;6,517495739
07/03/2022;1880;0,486411898
07/03/2022;2161;2,780995807
07/03/2022;2379;1,696221639
07/03/2022;2572;2,038321454
07/03/2022;3130;1,423787297
08/03/2022;1136;6,520106751
08/03/2022;1880;0,515887399
08/03/2022;2161;2,791890274
08/03/2022;2379;1,687992624
08/03/2022;2572;2,018082866
08/03/2022;3130;1,424299896
09/03/2022;1136;6,522657522
09/03/2022;1880;0,534744122
09/03/2022;2161;2,795909518
09/03/2022;2379;1,749920931
09/03/2022;2572;2,064595851
09/03/2022;3130;1,424811755
10/03/2022;1136;6,525157356
10/03/2022;1880;0,532611412
10/03/2022;2161;2,799949077
10/03/2022;2379;1,723980037
10/03/2022;2572;2,080829424
10/03/2022;3130;1,425302668
11/03/2022;1136;6,527733872
11/03/2022;1880;0,528242787
11/03/2022;2161;2,800408612
11/03/2022;2379;1,691739887
11/03/2022;2572;2,074306443
11/03/2022;3130;1,425794637
14/03/2022;1136;6,530289167
14/03/2022;1880;0,517694726
14/03/2022;2161;2,808560687
14/03/2022;2379;1,688279069
14/03/2022;2572;2,071448944
14/03/2022;3130;1,426304373
15/03/2022;1136;6,532848063
15/03/2022;1880;0,545026406
15/03/2022;2161;2,80034578
15/03/2022;2379;1,679884363
15/03/2022;2572;2,070416084
15/03/2022;3130;1,42680477
16/03/2022;1136;6,535386688
16/03/2022;1880;0,528144287
16/03/2022;2161;2,804660799
16/03/2022;2379;1,701966557
16/03/2022;2572;2,101399486
16/03/2022;3130;1,427311599
17/03/2022;1136;6,537936377
17/03/2022;1880;0,530187133
17/03/2022;2161;2,811571805
17/03/2022;2379;1,733413604
17/03/2022;2572;2,14700684
17/03/2022;3130;1,427807716
18/03/2022;1136;6,540712298
18/03/2022;1880;0,568032629
18/03/2022;2161;2,813601951
18/03/2022;2379;1,777292338
18/03/2022;2572;2,150540899
18/03/2022;3130;1,428338055
21/03/2022;1136;6,5434678
21/03/2022;1880;0,572191171
21/03/2022;2161;2,826796157
21/03/2022;2379;1,776535315
21/03/2022;2572;2,177828266
21/03/2022;3130;1,428913366
22/03/2022;1136;6,546256886
22/03/2022;1880;0,570032212
22/03/2022;2161;2,833822901
22/03/2022;2379;1,806278997
22/03/2022;2572;2,217898329
22/03/2022;3130;1,429466771
23/03/2022;1136;6,549059296
23/03/2022;1880;0,574286677
23/03/2022;2161;2,834061057
23/03/2022;2379;1,812917446
23/03/2022;2572;2,214961485
23/03/2022;3130;1,430019525
24/03/2022;1136;6,551915987
24/03/2022;1880;0,5994819
24/03/2022;2161;2,840180443
24/03/2022;2379;1,838884351
24/03/2022;2572;2,246895447
24/03/2022;3130;1,430575677
25/03/2022;1136;6,554635156
25/03/2022;1880;0,612064183
25/03/2022;2161;2,849657346
25/03/2022;2379;1,849371465
25/03/2022;2572;2,251336013
25/03/2022;3130;1,431124541
28/03/2022;1136;6,55733844
28/03/2022;1880;0,605660312
28/03/2022;2161;2,845604877
28/03/2022;2379;1,853735143
28/03/2022;2572;2,264016044
28/03/2022;3130;1,431674737
29/03/2022;1136;6,560046528
29/03/2022;1880;0,620335489
29/03/2022;2161;2,838009062
29/03/2022;2379;1,873407811
29/03/2022;2572;2,283064245
29/03/2022;3130;1,432209376
30/03/2022;1136;6,562792706
30/03/2022;1880;0,630808565
30/03/2022;2161;2,838291737
30/03/2022;2379;1,866204046
30/03/2022;2572;2,292069256
30/03/2022;3130;1,432756715
31/03/2022;1136;6,565451664
31/03/2022;1880;0,657977667
31/03/2022;2161;2,835478715
31/03/2022;2379;1,864103258
31/03/2022;2572;2,352163701
31/03/2022;3130;1,433309325
01/04/2022;1136;6,568106906
01/04/2022;1880;0,708363014
01/04/2022;2161;2,844241383
01/04/2022;2379;1,885138707
01/04/2022;2572;2,38392725
01/04/2022;3130;1,433836619
04/04/2022;1136;6,57078897
04/04/2022;1880;0,706261449
04/04/2022;2161;2,845085425
04/04/2022;2379;1,878763065
04/04/2022;2572;2,373751618
04/04/2022;3130;1,434378053
05/04/2022;1136;6,573425016
05/04/2022;1880;0,685359069
05/04/2022;2161;2,851269961
05/04/2022;2379;1,849677151
05/04/2022;2572;2,348034096
05/04/2022;3130;1,434924819
06/04/2022;1136;6,575782582
06/04/2022;1880;0,683305246
06/04/2022;2161;2,853260878
06/04/2022;2379;1,821585711
06/04/2022;2572;2,369809383
06/04/2022;3130;1,435460682
07/04/2022;1136;6,578062116
07/04/2022;1880;0,695813909
07/04/2022;2161;2,855056146
07/04/2022;2379;1,825948776
07/04/2022;2572;2,391652106
07/04/2022;3130;1,435938783
08/04/2022;1136;6,580588182
08/04/2022;1880;0,720967163
08/04/2022;2161;2,858660894
08/04/2022;2379;1,830311692
08/04/2022;2572;2,409763378
08/04/2022;3130;1,436433249
11/04/2022;1136;6,58306245
11/04/2022;1880;0,731390689
11/04/2022;2161;2,855112573
11/04/2022;2379;1,814624585
11/04/2022;2572;2,384982539
11/04/2022;3130;1,436979412
12/04/2022;1136;6,585505577
12/04/2022;1880;0,760125792
12/04/2022;2161;2,854345404
12/04/2022;2379;1,799277874
12/04/2022;2572;2,364755761
12/04/2022;3130;1,437490275
13/04/2022;1136;6,587960894
13/04/2022;1880;0,756101784
13/04/2022;2161;2,857281796
13/04/2022;2379;1,808229201
13/04/2022;2572;2,385608285
13/04/2022;3130;1,438013523
14/04/2022;1136;6,590411011
14/04/2022;1880;0,753947921
14/04/2022;2161;2,86419873
14/04/2022;2379;1,800018104
14/04/2022;2572;2,405546104
14/04/2022;3130;1,438561023
18/04/2022;1136;6,592708912
18/04/2022;1880;0,768563686
18/04/2022;2161;2,87015044
18/04/2022;2379;1,803001754
18/04/2022;2572;2,461996749
18/04/2022;3130;1,43905705
19/04/2022;1136;6,594963993
19/04/2022;1880;0,751719735
19/04/2022;2161;2,866616863
19/04/2022;2379;1,802098041
19/04/2022;2572;2,392523138
19/04/2022;3130;1,439530338
20/04/2022;1136;6,597059812
20/04/2022;1880;0,741290019
20/04/2022;2161;2,860821921
20/04/2022;2379;1,788960689
20/04/2022;2572;2,459916711
20/04/2022;3130;1,440039172
22/04/2022;1136;6,599698769
22/04/2022;1880;0,724439547
22/04/2022;2161;2,870736558
22/04/2022;2379;1,75968153
22/04/2022;2572;2,426058908
22/04/2022;3130;1,440529787
25/04/2022;1136;6,60232359
25/04/2022;1880;0,738755894
25/04/2022;2161;2,862430699
25/04/2022;2379;1,75484537
25/04/2022;2572;2,424078137
25/04/2022;3130;1,441117884
26/04/2022;1136;6,604970898
26/04/2022;1880;0,711848274
26/04/2022;2161;2,865717353
26/04/2022;2379;1,717983055
26/04/2022;2572;2,396549467
26/04/2022;3130;1,441653298
27/04/2022;1136;6,607635874
27/04/2022;1880;0,724306583
27/04/2022;2161;2,870053508
27/04/2022;2379;1,719630106
27/04/2022;2572;2,397322331
27/04/2022;3130;1,442195204
28/04/2022;1136;6,610472398
28/04/2022;1880;0,759819148
28/04/2022;2161;2,870944977
28/04/2022;2379;1,727582118
28/04/2022;2572;2,37985841
28/04/2022;3130;1,442744352
29/04/2022;1136;6,613335019
29/04/2022;1880;0,715478462
29/04/2022;2161;2,874886737
29/04/2022;2379;1,694977306
29/04/2022;2572;2,337904269
29/04/2022;3130;1,443318718
02/05/2022;1136;6,616125931
02/05/2022;1880;0,698889053
02/05/2022;2161;2,882873772
02/05/2022;2379;1,653684377
02/05/2022;2572;2,294059129
02/05/2022;3130;1,44388507
03/05/2022;1136;6,618978415
03/05/2022;1880;0,719732119
03/05/2022;2161;2,874423339
03/05/2022;2379;1,654483271
03/05/2022;2572;2,309386917
03/05/2022;3130;1,444430124
04/05/2022;1136;6,621839539
04/05/2022;1880;0,719468308
04/05/2022;2161;2,874348584
04/05/2022;2379;1,69055601
04/05/2022;2572;2,354832216
04/05/2022;3130;1,445000792
05/05/2022;1136;6,624742114
05/05/2022;1880;0,656825184
05/05/2022;2161;2,890040386
05/05/2022;2379;1,630348199
05/05/2022;2572;2,300876109
05/05/2022;3130;1,44556698
06/05/2022;1136;6,627959104
06/05/2022;1880;0,654677076
06/05/2022;2161;2,893994927
06/05/2022;2379;1,635239788
06/05/2022;2572;2,300730059
06/05/2022;3130;1,446161817
09/05/2022;1136;6,631194804
09/05/2022;1880;0,648176354
09/05/2022;2161;2,890162559
09/05/2022;2379;1,617902971
09/05/2022;2572;2,332493954
09/05/2022;3130;1,446819542
10/05/2022;1136;6,634414594
10/05/2022;1880;0,65441461
10/05/2022;2161;2,880717367
10/05/2022;2379;1,617510906
10/05/2022;2572;2,29588405
10/05/2022;3130;1,447451991
11/05/2022;1136;6,637601148
11/05/2022;1880;0,64901345
11/05/2022;2161;2,884294467
11/05/2022;2379;1,622930092
11/05/2022;2572;2,278439206
11/05/2022;3130;1,448078241
12/05/2022;1136;6,640770972
12/05/2022;1880;0,673884046
12/05/2022;2161;2,884031269
12/05/2022;2379;1,657966408
12/05/2022;2572;2,332985315
12/05/2022;3130;1,448696219
13/05/2022;1136;6,643963934
13/05/2022;1880;0,688437308
13/05/2022;2161;2,891688186
13/05/2022;2379;1,679309088
13/05/2022;2572;2,368409743
13/05/2022;3130;1,449316701
16/05/2022;1136;6,647179092
16/05/2022;1880;0,702966264
16/05/2022;2161;2,897134334
16/05/2022;2379;1,692926371
16/05/2022;2572;2,344569403
16/05/2022;3130;1,449940163
17/05/2022;1136;6,650399672
17/05/2022;1880;0,715392723
17/05/2022;2161;2,899599286
17/05/2022;2379;1,711451849
17/05/2022;2572;2,37086326
17/05/2022;3130;1,450564506
18/05/2022;1136;6,653593581
18/05/2022;1880;0,715459371
18/05/2022;2161;2,895854612
18/05/2022;2379;1,695548724
18/05/2022;2572;2,334277424
18/05/2022;3130;1,451192705
19/05/2022;1136;6,6568258
19/05/2022;1880;0,730013816
19/05/2022;2161;2,892959005
19/05/2022;2379;1,671802294
19/05/2022;2572;2,33323576
19/05/2022;3130;1,451812832
20/05/2022;1136;6,659971325
20/05/2022;1880;0,750813685
20/05/2022;2161;2,891583276
20/05/2022;2379;1,684005207
20/05/2022;2572;2,339469208
20/05/2022;3130;1,452443616
23/05/2022;1136;6,663111888
23/05/2022;1880;0,76959174
23/05/2022;2161;2,895207918
23/05/2022;2379;1,720579934
23/05/2022;2572;2,34935811
23/05/2022;3130;1,453055132
24/05/2022;1136;6,66623088
24/05/2022;1880;0,77164659
24/05/2022;2161;2,886274927
24/05/2022;2379;1,707726886
24/05/2022;2572;2,372930645
24/05/2022;3130;1,453671158
25/05/2022;1136;6,669358345
25/05/2022;1880;0,767455558
25/05/2022;2161;2,88138897
25/05/2022;2379;1,716355495
25/05/2022;2572;2,355471831
25/05/2022;3130;1,454285152
26/05/2022;1136;6,67250808
26/05/2022;1880;0,853227156
26/05/2022;2161;2,88596902
26/05/2022;2379;1,739992672
26/05/2022;2572;2,348053037
26/05/2022;3130;1,454902837
27/05/2022;1136;6,675620334
27/05/2022;1880;0,8426478
27/05/2022;2161;2,887252974
27/05/2022;2379;1,744696967
27/05/2022;2572;2,380718397
27/05/2022;3130;1,455527318
30/05/2022;1136;6,678802376
30/05/2022;1880;0,830106395
30/05/2022;2161;2,884204836
30/05/2022;2379;1,723135175
30/05/2022;2572;2,442501132
30/05/2022;3130;1,456140692
31/05/2022;1136;6,681970293
31/05/2022;1880;0,834109917
31/05/2022;2161;2,891543642
31/05/2022;2379;1,733638254
31/05/2022;2572;2,466951686
31/05/2022;3130;1,456770442
01/06/2022;1136;6,685092502
01/06/2022;1880;0,840357018
01/06/2022;2161;2,894398797
01/06/2022;2379;1,730842941
01/06/2022;2572;2,452243396
01/06/2022;3130;1,457394007
02/06/2022;1136;6,688209629
02/06/2022;1880;0,834011322
02/06/2022;2161;2,8998226
02/06/2022;2379;1,736425973
02/06/2022;2572;2,452104034
02/06/2022;3130;1,458011584
03/06/2022;1136;6,691353134
03/06/2022;1880;0,83396963
03/06/2022;2161;2,901094179
03/06/2022;2379;1,720224569
03/06/2022;2572;2,375352749
03/06/2022;3130;1,458632248
06/06/2022;1136;6,69449693
06/06/2022;1880;0,838201672
06/06/2022;2161;2,904443016
06/06/2022;2379;1,698079409
06/06/2022;2572;2,356166662
06/06/2022;3130;1,459254841
07/06/2022;1136;6,69763506
07/06/2022;1880;0,802624727
07/06/2022;2161;2,902413535
07/06/2022;2379;1,68612828
07/06/2022;2572;2,333206783
07/06/2022;3130;1,459877289
08/06/2022;1136;6,700775441
08/06/2022;1880;0,796278505
08/06/2022;2161;2,904140028
08/06/2022;2379;1,670255324
08/06/2022;2572;2,323940526
08/06/2022;3130;1,460500581
09/06/2022;1136;6,703855445
09/06/2022;1880;0,79416438
09/06/2022;2161;2,905878172
09/06/2022;2379;1,661008573
09/06/2022;2572;2,309159469
09/06/2022;3130;1,461122765
10/06/2022;1136;6,706974544
10/06/2022;1880;0,798277765
10/06/2022;2161;2,912933433
10/06/2022;2379;1,628472483
10/06/2022;2572;2,257895231
10/06/2022;3130;1,461731715
13/06/2022;1136;6,710110271
13/06/2022;1880;0,808728672
13/06/2022;2161;2,916077544
13/06/2022;2379;1,580136267
13/06/2022;2572;2,252293928
13/06/2022;3130;1,46235627
14/06/2022;1136;6,71326583
14/06/2022;1880;0,798194133
14/06/2022;2161;2,909275495
14/06/2022;2379;1,566047962
14/06/2022;2572;2,250335282
14/06/2022;3130;1,462981432
15/06/2022;1136;6,71640985
15/06/2022;1880;0,832172774
15/06/2022;2161;2,911146997
15/06/2022;2379;1,58526422
15/06/2022;2572;2,285840914
15/06/2022;3130;1,463607003
17/06/2022;1136;6,719548069
17/06/2022;1880;0,813247052
17/06/2022;2161;2,900786503
17/06/2022;2379;1,542530075
17/06/2022;2572;2,282055698
17/06/2022;3130;1,464227473
20/06/2022;1136;6,722849682
20/06/2022;1880;0,802238685
20/06/2022;2161;2,892933424
20/06/2022;2379;1,556188103
20/06/2022;2572;2,313883514
20/06/2022;3130;1,464866409
21/06/2022;1136;6,726138512
21/06/2022;1880;0,82321186
21/06/2022;2161;2,887447189
21/06/2022;2379;1,55609847
21/06/2022;2572;2,321981459
21/06/2022;3130;1,465531321
22/06/2022;1136;6,729411932
22/06/2022;1880;0,831583091
22/06/2022;2161;2,876952765
22/06/2022;2379;1,553800941
22/06/2022;2572;2,296218098
22/06/2022;3130;1,466179769
23/06/2022;1136;6,732730486
23/06/2022;1880;0,833628541
23/06/2022;2161;2,87032454
23/06/2022;2379;1,542937188
23/06/2022;2572;2,304387279
23/06/2022;3130;1,466824431
24/06/2022;1136;6,736047801
24/06/2022;1880;0,814741565
24/06/2022;2161;2,867228371
24/06/2022;2379;1,542078591
24/06/2022;2572;2,270578802
24/06/2022;3130;1,467480279
27/06/2022;1136;6,739322433
27/06/2022;1880;0,814697936
27/06/2022;2161;2,875513087
27/06/2022;2572;2,28592673
27/06/2022;3130;1,468132944
28/06/2022;1136;6,742612705
28/06/2022;1880;0,812535617
28/06/2022;2161;2,877840251
28/06/2022;2572;2,334019695
28/06/2022;3130;1,468779806
29/06/2022;1136;6,745843175
29/06/2022;1880;0,797843491
29/06/2022;2161;2,873115472
29/06/2022;2572;2,336613776
29/06/2022;3130;1,469431747
30/06/2022;1136;6,749048638
30/06/2022;1880;0,791417897
30/06/2022;2161;2,868167146
30/06/2022;2572;2,380148403
30/06/2022;3130;1,470071614
01/07/2022;1136;6,752315413
01/07/2022;1880;0,82866884
01/07/2022;2161;2,867592501
01/07/2022;2572;2,388195261
01/07/2022;3130;1,470713894
04/07/2022;1136;6,755563264
04/07/2022;1880;0,81617549
04/07/2022;2161;2,867922016
04/07/2022;2572;2,328932635
04/07/2022;3130;1,471370996
05/07/2022;1136;6,758854115
05/07/2022;1880;0,81206511
05/07/2022;2161;2,857738398
05/07/2022;2572;2,310588298
05/07/2022;3130;1,47201783
06/07/2022;1136;6,762152475
06/07/2022;1880;0,803651515
06/07/2022;2161;2,856317598
06/07/2022;2572;2,310455398
06/07/2022;3130;1,472677029
07/07/2022;1136;6,765431718
07/07/2022;1880;0,822316857
07/07/2022;2161;2,868687606
07/07/2022;2572;2,33404551
07/07/2022;3130;1,473332814
08/07/2022;1136;6,768711221
08/07/2022;1880;0,86423647
08/07/2022;2161;2,867625648
08/07/2022;2572;2,322963572
08/07/2022;3130;1,473981617
11/07/2022;1136;6,771971517
11/07/2022;1880;0,832504917
11/07/2022;2161;2,853279584
11/07/2022;2572;2,304558982
11/07/2022;3130;1,474627804
12/07/2022;1136;6,775274105
12/07/2022;1880;0,838773724
12/07/2022;2161;2,85683737
12/07/2022;2572;2,310807313
12/07/2022;3130;1,475279088
13/07/2022;1136;6,778573508
13/07/2022;1880;0,817931373
13/07/2022;2161;2,849604646
13/07/2022;2572;2,318854873
13/07/2022;3130;1,47593559
14/07/2022;1136;6,781865228
14/07/2022;1880;0,869875838
14/07/2022;2161;2,838907636
14/07/2022;2572;2,417847526
14/07/2022;3130;1,476586249
15/07/2022;1136;6,785118744
15/07/2022;1880;0,855566017
15/07/2022;2161;2,834357248
15/07/2022;2572;2,518757606
15/07/2022;3130;1,477240317
18/07/2022;1136;6,788369336
18/07/2022;1880;0,880606559
18/07/2022;2161;2,839275343
18/07/2022;2572;2,461409688
18/07/2022;3130;1,477889056
19/07/2022;1136;6,791609821
19/07/2022;1880;0,874283645
19/07/2022;2161;2,841953126
19/07/2022;2572;2,473997343
19/07/2022;3130;1,4785358
20/07/2022;1136;6,794858773
20/07/2022;1880;0,863781824
20/07/2022;2161;2,844282513
20/07/2022;2572;2,503852369
20/07/2022;3130;1,479177275
21/07/2022;1136;6,798108237
21/07/2022;1880;0,867916373
21/07/2022;2161;2,84887515
21/07/2022;2572;2,529168643
21/07/2022;3130;1,479829671
22/07/2022;1136;6,801372491
22/07/2022;1880;0,859533459
22/07/2022;2161;2,849617866
22/07/2022;2572;2,552619374
22/07/2022;3130;1,48047956
25/07/2022;1136;6,804630126
25/07/2022;1880;0,863658662
25/07/2022;2161;2,851372971
25/07/2022;2572;2,584425929
25/07/2022;3130;1,481132525
26/07/2022;1136;6,807881305
26/07/2022;1880;0,872032003
26/07/2022;2161;2,851782281
26/07/2022;2572;2,600676687
26/07/2022;3130;1,481783729
27/07/2022;1136;6,811154329
27/07/2022;1880;0,905409325
27/07/2022;2161;2,858159889
27/07/2022;2572;2,636021171
27/07/2022;3130;1,482435618
28/07/2022;1136;6,814413884
28/07/2022;1880;0,901199551
28/07/2022;2161;2,864744678
28/07/2022;2572;2,642219268
28/07/2022;3130;1,483092466
29/07/2022;1136;6,817692619
29/07/2022;1880;0,93264673
29/07/2022;2161;2,867585154
29/07/2022;2572;2,652914286
29/07/2022;3130;1,483741849
01/08/2022;1136;6,820976911
01/08/2022;1880;0,916124097
01/08/2022;2161;2,866097479
01/08/2022;2572;2,648311863
01/08/2022;3130;1,48439955
02/08/2022;1136;6,824190868
02/08/2022;1880;0,93077387
02/08/2022;2161;2,879224803
02/08/2022;2572;2,676374862
02/08/2022;3130;1,485053864
03/08/2022;1136;6,827390705
03/08/2022;1880;1,020429883
03/08/2022;2161;2,877491022
03/08/2022;2572;2,613616016
03/08/2022;3130;1,485697262
04/08/2022;1136;6,830515516
04/08/2022;1880;1,041298983
04/08/2022;2161;2,897499731
04/08/2022;2572;2,581755897
04/08/2022;3130;1,486341423
05/08/2022;1136;6,833816517
05/08/2022;1880;1,041304138
05/08/2022;2161;2,897789851
05/08/2022;2572;2,606044691
05/08/2022;3130;1,486986021
08/08/2022;1136;6,837138926
08/08/2022;1880;1,063956518
08/08/2022;2161;2,911745438
08/08/2022;2572;2,697451042
08/08/2022;3130;1,487674268
09/08/2022;1136;6,840522939
09/08/2022;1880;1,081869978
09/08/2022;2161;2,913241879
09/08/2022;2572;2,724622734
09/08/2022;3130;1,4883525
10/08/2022;1136;6,843925577
10/08/2022;1880;1,098662645
10/08/2022;2161;2,926758488
10/08/2022;2572;2,693662952
10/08/2022;3130;1,489037585
11/08/2022;1136;6,847345864
11/08/2022;1880;1,093077149
11/08/2022;2161;2,925791881
11/08/2022;2572;2,769498278
11/08/2022;3130;1,489720782
12/08/2022;1136;6,850775568
12/08/2022;1880;1,126654061
12/08/2022;2161;2,93553782
12/08/2022;2572;2,795712168
12/08/2022;3130;1,490410011
15/08/2022;1136;6,854301352
15/08/2022;1880;1,109749672
15/08/2022;2161;2,940713763
15/08/2022;2572;2,811044159
15/08/2022;3130;1,491099325
16/08/2022;1136;6,857818101
16/08/2022;1880;1,11601454
16/08/2022;2161;2,941598898
16/08/2022;2572;2,787319735
16/08/2022;3130;1,491822291
17/08/2022;1136;6,86128096
17/08/2022;1880;1,157923717
17/08/2022;2161;2,946175984
17/08/2022;2572;2,762742443
17/08/2022;3130;1,492515255
18/08/2022;1136;6,864789298
18/08/2022;1880;1,193549303
18/08/2022;2161;2,943372814
18/08/2022;2572;2,716053676
18/08/2022;3130;1,493196657
19/08/2022;1136;6,868358143
19/08/2022;1880;1,168416354
19/08/2022;2161;2,937722633
19/08/2022;2572;2,700504005
19/08/2022;3130;1,493894654
22/08/2022;1136;6,87188308
22/08/2022;1880;1,191426424
22/08/2022;2161;2,941129316
22/08/2022;2572;2,705809515
22/08/2022;3130;1,494610502
23/08/2022;1136;6,875404081
23/08/2022;1880;1,178805201
23/08/2022;2161;2,948531687
23/08/2022;2572;2,700194643
23/08/2022;3130;1,495302355
24/08/2022;1136;6,878937575
24/08/2022;1880;1,234654604
24/08/2022;2161;2,950907096
24/08/2022;2572;2,700045358
24/08/2022;3130;1,496004052
25/08/2022;1136;6,882463567
25/08/2022;1880;1,234606873
25/08/2022;2161;2,9500867
25/08/2022;2572;2,667997003
25/08/2022;3130;1,496702969
26/08/2022;1136;6,885981645
26/08/2022;1880;1,261591526
26/08/2022;2161;2,954857345
26/08/2022;2572;2,690592995
26/08/2022;3130;1,497399709
29/08/2022;1136;6,889460923
29/08/2022;1880;1,238266016
29/08/2022;2161;2,954374266
29/08/2022;2572;2,674064771
29/08/2022;3130;1,498098386
30/08/2022;1136;6,892889097
30/08/2022;1880;1,201150387
30/08/2022;2161;2,956421314
30/08/2022;2572;2,674883124
30/08/2022;3130;1,498788226
31/08/2022;1136;6,896337596
31/08/2022;1880;1,174038227
31/08/2022;2161;2,957391247
31/08/2022;2572;2,67946651
31/08/2022;3130;1,499468312
01/09/2022;1136;6,89985774
01/09/2022;1880;1,158982912
01/09/2022;2161;2,965638271
01/09/2022;2572;2,727434773
01/09/2022;3130;1,500157097
02/09/2022;1136;6,90333038
02/09/2022;1880;1,138148534
02/09/2022;2161;2,965205148
02/09/2022;2572;2,696233594
02/09/2022;3130;1,5008589
05/09/2022;1136;6,906783782
05/09/2022;1880;1,153939663
05/09/2022;2161;2,967636968
05/09/2022;2572;2,716771995
05/09/2022;3130;1,501544751
06/09/2022;1136;6,91021638
06/09/2022;1880;1,093234254
06/09/2022;2161;2,964112081
06/09/2022;2572;2,727892471
06/09/2022;3130;1,502233773
08/09/2022;1136;6,913681511
08/09/2022;1880;1,103947311
08/09/2022;2161;2,947923481
08/09/2022;2572;2,70706925
08/09/2022;3130;1,502922115
09/09/2022;1136;6,917174148
09/09/2022;1880;1,122929737
09/09/2022;2161;2,947429626
09/09/2022;2572;2,70504275
09/09/2022;3130;1,503615027
12/09/2022;1136;6,920685092
12/09/2022;1880;1,124969255
12/09/2022;2161;2,944020882
12/09/2022;2572;2,669206149
12/09/2022;3130;1,504310358
13/09/2022;1136;6,924145305
13/09/2022;1880;1,105429673
13/09/2022;2161;2,957124791
13/09/2022;2572;2,686911714
13/09/2022;3130;1,505006823
14/09/2022;1136;6,927636161
14/09/2022;1880;1,117963079
14/09/2022;2161;2,959361167
14/09/2022;2572;2,663296483
14/09/2022;3130;1,505700265
15/09/2022;1136;6,93109451
15/09/2022;1880;1,136697312
15/09/2022;2161;2,96127761
15/09/2022;2572;2,68288932
15/09/2022;3130;1,506380512
16/09/2022;1136;6,934579149
16/09/2022;1880;1,138727117
16/09/2022;2161;2,962453286
16/09/2022;2572;2,789838946
16/09/2022;3130;1,507075634
19/09/2022;1136;6,938093574
19/09/2022;1880;1,128160127
19/09/2022;2161;2,967192717
19/09/2022;2572;2,821850774
19/09/2022;3130;1,507770213
20/09/2022;1136;6,941624179
20/09/2022;1880;1,121821466
20/09/2022;2161;2,971143666
20/09/2022;2572;2,860319994
20/09/2022;3130;1,508466197
21/09/2022;1136;6,945115308
21/09/2022;1880;1,086139988
21/09/2022;2161;2,976715676
21/09/2022;2572;2,847007792
21/09/2022;3130;1,509169642
22/09/2022;1136;6,948647334
22/09/2022;1880;1,104315213
22/09/2022;2161;2,993865524
22/09/2022;2572;2,805943055
22/09/2022;3130;1,509859953
23/09/2022;1136;6,952201506
23/09/2022;1880;1,103914299
23/09/2022;2161;2,996913603
23/09/2022;2572;2,803101809
23/09/2022;3130;1,510561859
26/09/2022;1136;6,955750769
26/09/2022;1880;1,09967574
26/09/2022;2161;2,996767225
26/09/2022;2572;2,743134583
26/09/2022;3130;1,511264603
27/09/2022;1136;6,9592665
27/09/2022;1880;1,118490943
27/09/2022;2161;2,991713508
27/09/2022;2572;2,710185388
27/09/2022;3130;1,51196847
28/09/2022;1136;6,962770594
28/09/2022;1880;1,15017578
28/09/2022;2161;2,986179819
28/09/2022;2572;2,595102209
28/09/2022;3130;1,512662411
29/09/2022;1136;6,966276645
29/09/2022;1880;1,131082931
29/09/2022;2161;2,98978554
29/09/2022;2572;2,517975981
29/09/2022;3130;1,513356766
30/09/2022;1136;6,969799077
30/09/2022;1880;1,149656586
30/09/2022;2161;2,994131586
30/09/2022;2572;2,518678806
30/09/2022;3130;1,514065231
03/10/2022;1136;6,973291745
03/10/2022;1880;1,232751346
03/10/2022;2161;3,004232442
03/10/2022;2572;2,593335941
03/10/2022;3130;1,514758897
04/10/2022;1136;6,976796604
04/10/2022;1880;1,180311162
04/10/2022;2161;2,995525457
04/10/2022;2572;2,546630682
04/10/2022;3130;1,51545168
05/10/2022;1136;6,980308305
05/10/2022;1880;1,152881482
05/10/2022;2161;3,006288007
05/10/2022;2572;2,613272491
05/10/2022;3130;1,516150393
06/10/2022;1136;6,983813888
06/10/2022;1880;1,159061143
06/10/2022;2161;3,011870073
06/10/2022;2572;2,632837304
06/10/2022;3130;1,516850533
07/10/2022;1136;6,987383247
07/10/2022;1880;1,190330511
07/10/2022;2161;3,012858351
07/10/2022;2572;2,668409057
07/10/2022;3130;1,517546138
10/10/2022;1136;6,990938976
10/10/2022;1880;1,205091666
10/10/2022;2161;3,014963135
10/10/2022;2572;2,67485397
10/10/2022;3130;1,518255281
11/10/2022;1136;6,994488818
11/10/2022;1880;1,226566061
11/10/2022;2161;3,010135088
11/10/2022;2572;2,600188941
11/10/2022;3130;1,518956679
13/10/2022;1136;6,998022862
13/10/2022;1880;1,241296584
13/10/2022;2161;3,001610843
13/10/2022;2572;2,668836002
13/10/2022;3130;1,519660173
14/10/2022;1136;7,001611668
14/10/2022;1880;1,222126075
14/10/2022;2161;2,998935608
14/10/2022;2572;2,605600258
14/10/2022;3130;1,520360707
17/10/2022;1136;7,005202351
17/10/2022;1880;1,219946545
17/10/2022;2161;2,991726726
17/10/2022;2572;2,656312744
17/10/2022;3130;1,52106895
18/10/2022;1136;7,008753715
18/10/2022;1880;1,276724756
18/10/2022;2161;3,000146164
18/10/2022;2572;2,728479337
18/10/2022;3130;1,521781015
19/10/2022;1136;7,012315478
19/10/2022;1880;1,26577536
19/10/2022;2161;3,00188078
19/10/2022;2572;2,745236141
19/10/2022;3130;1,522475549
20/10/2022;1136;7,01584436
20/10/2022;1880;1,25332346
20/10/2022;2161;3,019759959
20/10/2022;2572;2,785430107
20/10/2022;3130;1,52318545
21/10/2022;1136;7,0193679
21/10/2022;1880;1,232207733
21/10/2022;2161;3,033634262
21/10/2022;2572;2,760927647
21/10/2022;3130;1,523884269
24/10/2022;1136;7,022897303
24/10/2022;1880;1,221625847
24/10/2022;2161;3,011169477
24/10/2022;2572;2,716620346
24/10/2022;3130;1,524585223
25/10/2022;1136;7,026438991
25/10/2022;1880;1,194001427
25/10/2022;2161;3,002021435
25/10/2022;2572;2,674207206
25/10/2022;3130;1,525288278
26/10/2022;1136;7,029975664
26/10/2022;1880;1,147382523
26/10/2022;2161;3,005089688
26/10/2022;2572;2,655231886
26/10/2022;3130;1,525991236
27/10/2022;1136;7,033509273
27/10/2022;1880;1,183025178
27/10/2022;2161;3,013586766
27/10/2022;2572;2,762601761
27/10/2022;3130;1,526696972
28/10/2022;1136;7,03700515
28/10/2022;1880;1,19705832
28/10/2022;2161;3,01126492
28/10/2022;2572;2,775594566
28/10/2022;3130;1,527399966
31/10/2022;1136;7,040512112
31/10/2022;1880;1,26257514
31/10/2022;2161;3,007025089
31/10/2022;2572;2,810198977
31/10/2022;3130;1,528096694
